,Jahr,Einwohner,Bundesland
0,2022,13369393,Bayern
1,2021,13176989,Bayern
2,2020,13140183,Bayern
3,2019,13124737,Bayern
4,2018,13076721,Bayern
5,2017,12997204,Bayern
6,2016,12930751,Bayern
7,2015,12843514,Bayern
8,2014,12691568,Bayern
9,2013,12604244,Bayern
10,2012,12519571,Bayern
11,2011,12443372,Bayern
12,2010,12538696,Bayern
13,2009,12510331,Bayern
14,2008,12519728,Bayern
15,2007,12520332,Bayern
16,2006,12492658,Bayern
17,2005,12468726,Bayern
18,2004,12443893,Bayern
19,2003,12423386,Bayern
20,2002,12387351,Bayern
21,2001,12329714,Bayern
22,2000,12230255,Bayern
23,1999,12154967,Bayern
24,1998,12086548,Bayern
25,1997,12066375,Bayern
26,1996,12043869,Bayern
27,1995,11993484,Bayern
28,1994,11921944,Bayern
29,1993,11863313,Bayern
30,1992,11770257,Bayern
31,1991,11595970,Bayern
32,1990,11448814,Bayern
33,1989,11220735,Bayern
34,1988,11049263,Bayern
35,1987,10949700,Bayern
36,1986,11026490,Bayern
37,1985,10973720,Bayern
38,1984,10957544,Bayern
39,1983,10969503,Bayern
40,1982,10966717,Bayern
41,1981,10959203,Bayern
42,1980,10928151,Bayern
43,1979,10870968,Bayern
44,1978,10831371,Bayern
45,1977,10819318,Bayern
46,1976,10804236,Bayern
47,1975,10810389,Bayern
48,1974,10849122,Bayern
49,1973,10852761,Bayern
50,1972,10778661,Bayern
51,1971,10690951,Bayern
52,1970,10561110,Bayern
53,1969,10568917,Bayern
54,1968,10405639,Bayern
55,1967,10280351,Bayern
56,1966,10216769,Bayern
57,1965,10100944,Bayern
58,1964,9976153,Bayern
59,1963,9846637,Bayern
60,1962,9731231,Bayern
61,1961,9593770,Bayern
62,1960,9494939,Bayern
63,1959,9370992,Bayern
64,1958,9278029,Bayern
65,2022,11280257,Baden-Württemberg
66,2021,11124642,Baden-Württemberg
67,2020,11103043,Baden-Württemberg
68,2019,11100394,Baden-Württemberg
69,2018,11069533,Baden-Württemberg
70,2017,11023425,Baden-Württemberg
71,2016,10951893,Baden-Württemberg
72,2015,10879618,Baden-Württemberg
73,2014,10716644,Baden-Württemberg
74,2013,10631278,Baden-Württemberg
75,2012,10569111,Baden-Württemberg
76,2011,10512441,Baden-Württemberg
77,2010,10753880,Baden-Württemberg
78,2009,10744921,Baden-Württemberg
79,2008,10749506,Baden-Württemberg
80,2007,10749755,Baden-Württemberg
81,2006,10738753,Baden-Württemberg
82,2005,10735701,Baden-Württemberg
83,2004,10717419,Baden-Württemberg
84,2003,10692556,Baden-Württemberg
85,2002,10661320,Baden-Württemberg
86,2001,10600906,Baden-Württemberg
87,2000,10524415,Baden-Württemberg
88,1999,10475932,Baden-Württemberg
89,1998,10426040,Baden-Württemberg
90,1997,10396610,Baden-Württemberg
91,1996,10374505,Baden-Württemberg
92,1995,10319367,Baden-Württemberg
93,1994,10272069,Baden-Württemberg
94,1993,10234026,Baden-Württemberg
95,1992,10148708,Baden-Württemberg
96,1991,10001840,Baden-Württemberg
97,1990,9821847,Baden-Württemberg
98,1989,9618696,Baden-Württemberg
99,1988,9432709,Baden-Württemberg
100,1987,9330488,Baden-Württemberg
101,1986,9326780,Baden-Württemberg
102,1985,9271370,Baden-Württemberg
103,1984,9241083,Baden-Württemberg
104,1983,9243301,Baden-Württemberg
105,1982,9270608,Baden-Württemberg
106,1981,9287921,Baden-Württemberg
107,1980,9258947,Baden-Württemberg
108,1979,9190052,Baden-Württemberg
109,1978,9137790,Baden-Württemberg
110,1977,9120453,Baden-Württemberg
111,1976,9119266,Baden-Württemberg
112,1975,9152748,Baden-Württemberg
113,1974,9226240,Baden-Württemberg
114,1973,9239376,Baden-Württemberg
115,1972,9154152,Baden-Württemberg
116,1971,9055114,Baden-Württemberg
117,1970,8953607,Baden-Württemberg
118,1969,8909699,Baden-Württemberg
119,1968,8713893,Baden-Württemberg
120,1967,8565471,Baden-Württemberg
121,1966,8534106,Baden-Württemberg
122,1965,8426202,Baden-Württemberg
123,1964,8257397,Baden-Württemberg
124,1963,8108335,Baden-Württemberg
125,1962,7990638,Baden-Württemberg
126,1961,7838682,Baden-Württemberg
127,1960,7726859,Baden-Württemberg
128,1959,7560698,Baden-Württemberg
129,1958,7433007,Baden-Württemberg
130,2022,3755251,Berlin
131,2021,3677472,Berlin
132,2020,3664088,Berlin
133,2019,3669491,Berlin
134,2018,3644826,Berlin
135,2017,3613495,Berlin
136,2016,3574830,Berlin
137,2015,3520031,Berlin
138,2014,3469849,Berlin
139,2013,3421829,Berlin
140,2012,3375222,Berlin
141,2011,3326002,Berlin
142,2010,3460725,Berlin
143,2009,3442675,Berlin
144,2008,3431675,Berlin
145,2007,3416255,Berlin
146,2006,3404037,Berlin
147,2005,3395189,Berlin
148,2004,3387828,Berlin
149,2003,3388477,Berlin
150,2002,3392425,Berlin
151,2001,3388434,Berlin
152,2000,3382169,Berlin
153,1999,3386667,Berlin
154,1998,3398822,Berlin
155,1997,3425759,Berlin
156,1996,3458763,Berlin
157,1995,3471418,Berlin
158,1994,3472009,Berlin
159,1993,3475392,Berlin
160,1992,3465748,Berlin
161,1991,3446031,Berlin
162,1990,3433695,Berlin
163,1989,2130525,Berlin
164,1988,2068313,Berlin
165,1987,2028716,Berlin
166,1986,1879225,Berlin
167,1985,1860084,Berlin
168,1984,1848585,Berlin
169,1983,1854502,Berlin
170,1982,1869584,Berlin
171,1981,1888669,Berlin
172,1980,1896230,Berlin
173,1979,1902250,Berlin
174,1978,1909706,Berlin
175,1977,1926826,Berlin
176,1976,1950706,Berlin
177,1975,1984837,Berlin
178,1974,2023987,Berlin
179,1973,2047948,Berlin
180,1972,2062615,Berlin
181,1971,2083998,Berlin
182,1970,2115311,Berlin
183,1969,2134256,Berlin
184,1968,2141441,Berlin
185,1967,2163306,Berlin
186,1966,2185403,Berlin
187,1965,2197262,Berlin
188,1964,2200228,Berlin
189,1963,2186193,Berlin
190,1962,2174013,Berlin
191,1961,2188540,Berlin
192,1960,2202241,Berlin
193,1959,2207984,Berlin
194,1958,2226000,Berlin
195,2022,684864,Bremen
196,2021,676463,Bremen
197,2020,680130,Bremen
198,2019,681202,Bremen
199,2018,682986,Bremen
200,2017,681032,Bremen
201,2016,678753,Bremen
202,2015,671489,Bremen
203,2014,661888,Bremen
204,2013,657391,Bremen
205,2012,654774,Bremen
206,2011,652182,Bremen
207,2010,660706,Bremen
208,2009,661716,Bremen
209,2008,661866,Bremen
210,2007,663082,Bremen
211,2006,663979,Bremen
212,2005,663467,Bremen
213,2004,663213,Bremen
214,2003,663129,Bremen
215,2002,662098,Bremen
216,2001,659651,Bremen
217,2000,660225,Bremen
218,1999,663065,Bremen
219,1998,667965,Bremen
220,1997,673883,Bremen
221,1996,677770,Bremen
222,1995,679757,Bremen
223,1994,680029,Bremen
224,1993,683096,Bremen
225,1992,685845,Bremen
226,1991,683684,Bremen
227,1990,681665,Bremen
228,1989,673684,Bremen
229,1988,661992,Bremen
230,1987,658891,Bremen
231,1986,654170,Bremen
232,1985,659898,Bremen
233,1984,665615,Bremen
234,1983,676933,Bremen
235,1982,685388,Bremen
236,1981,691366,Bremen
237,1980,693846,Bremen
238,1979,695115,Bremen
239,1978,698277,Bremen
240,1977,703169,Bremen
241,1976,709972,Bremen
242,1975,716805,Bremen
243,1974,723959,Bremen
244,1973,728843,Bremen
245,1972,734330,Bremen
246,1971,739094,Bremen
247,1970,735452,Bremen
248,1969,755977,Bremen
249,1968,754193,Bremen
250,1967,751785,Bremen
251,1966,749649,Bremen
252,1965,742461,Bremen
253,1964,732621,Bremen
254,1963,724839,Bremen
255,1962,718332,Bremen
256,1961,712151,Bremen
257,1960,704287,Bremen
258,1959,691636,Bremen
259,1958,677533,Bremen
260,2022,2573135,Brandenburg
261,2021,2537868,Brandenburg
262,2020,2531071,Brandenburg
263,2019,2521893,Brandenburg
264,2018,2511917,Brandenburg
265,2017,2504040,Brandenburg
266,2016,2494648,Brandenburg
267,2015,2484826,Brandenburg
268,2014,2457872,Brandenburg
269,2013,2449193,Brandenburg
270,2012,2449511,Brandenburg
271,2011,2453180,Brandenburg
272,2010,2503273,Brandenburg
273,2009,2512000,Brandenburg
274,2008,2522000,Brandenburg
275,2007,2536000,Brandenburg
276,2006,2548000,Brandenburg
277,2005,2559483,Brandenburg
278,2004,2568000,Brandenburg
279,2003,2575000,Brandenburg
280,2002,2582000,Brandenburg
281,2001,2593000,Brandenburg
282,2000,2601962,Brandenburg
283,1999,2601000,Brandenburg
284,1998,2590000,Brandenburg
285,1997,2573000,Brandenburg
286,1996,2554000,Brandenburg
287,1995,2542042,Brandenburg
288,1994,2537000,Brandenburg
289,1993,2538000,Brandenburg
290,1992,2543000,Brandenburg
291,1991,2543000,Brandenburg
292,1990,2578312,Brandenburg
293,1985,2660000,Brandenburg
294,1980,2660000,Brandenburg
295,1970,2657000,Brandenburg
296,1961,2625000,Brandenburg
297,2022,6391360,Hessen
298,2021,6295017,Hessen
299,2020,6293154,Hessen
300,2019,6288080,Hessen
301,2018,6265809,Hessen
302,2017,6243262,Hessen
303,2016,6213088,Hessen
304,2015,6176172,Hessen
305,2014,6093888,Hessen
306,2013,6045425,Hessen
307,2012,6016481,Hessen
308,2011,5993771,Hessen
309,2010,6067021,Hessen
310,2009,6061951,Hessen
311,2008,6064953,Hessen
312,2007,6072555,Hessen
313,2006,6075359,Hessen
314,2005,6092354,Hessen
315,2004,6097765,Hessen
316,2003,6089428,Hessen
317,2002,6091618,Hessen
318,2001,6077826,Hessen
319,2000,6068129,Hessen
320,1999,6051966,Hessen
321,1998,6035137,Hessen
322,1997,6031705,Hessen
323,1996,6027284,Hessen
324,1995,6009913,Hessen
325,1994,5980693,Hessen
326,1993,5967305,Hessen
327,1992,5922639,Hessen
328,1991,5837330,Hessen
329,1990,5763310,Hessen
330,1989,5660619,Hessen
331,1988,5568892,Hessen
332,1987,5524637,Hessen
333,1986,5543657,Hessen
334,1985,5529413,Hessen
335,1984,5535185,Hessen
336,1983,5564964,Hessen
337,1982,5599799,Hessen
338,1981,5611851,Hessen
339,1980,5601031,Hessen
340,1979,5576085,Hessen
341,1978,5553508,Hessen
342,1977,5540585,Hessen
343,1976,5538432,Hessen
344,1975,5549823,Hessen
345,1974,5576081,Hessen
346,1973,5583822,Hessen
347,1972,5532965,Hessen
348,1971,5489728,Hessen
349,1970,5424529,Hessen
350,1969,5422567,Hessen
351,1968,5333200,Hessen
352,1967,5262729,Hessen
353,1966,5239723,Hessen
354,1965,5170449,Hessen
355,1964,5086611,Hessen
356,1963,5004893,Hessen
357,1962,4936942,Hessen
358,1961,4861250,Hessen
359,1960,4783352,Hessen
360,1959,4702808,Hessen
361,1958,4651483,Hessen
362,2022,1628378,Mecklenburg-Vorpommern
363,2021,1611160,Mecklenburg-Vorpommern
364,2020,1610774,Mecklenburg-Vorpommern
365,2019,1608138,Mecklenburg-Vorpommern
366,2018,1609675,Mecklenburg-Vorpommern
367,2017,1611119,Mecklenburg-Vorpommern
368,2016,1610674,Mecklenburg-Vorpommern
369,2015,1612362,Mecklenburg-Vorpommern
370,2014,1599138,Mecklenburg-Vorpommern
371,2013,1596505,Mecklenburg-Vorpommern
372,2012,1600327,Mecklenburg-Vorpommern
373,2011,1606899,Mecklenburg-Vorpommern
374,2010,1642327,Mecklenburg-Vorpommern
375,2009,1651000,Mecklenburg-Vorpommern
376,2008,1664000,Mecklenburg-Vorpommern
377,2007,1680000,Mecklenburg-Vorpommern
378,2006,1694000,Mecklenburg-Vorpommern
379,2005,1707266,Mecklenburg-Vorpommern
380,2004,1720000,Mecklenburg-Vorpommern
381,2003,1732000,Mecklenburg-Vorpommern
382,2002,1745000,Mecklenburg-Vorpommern
383,2001,1760000,Mecklenburg-Vorpommern
384,2000,1775703,Mecklenburg-Vorpommern
385,1999,1789000,Mecklenburg-Vorpommern
386,1998,1799000,Mecklenburg-Vorpommern
387,1997,1808000,Mecklenburg-Vorpommern
388,1996,1817000,Mecklenburg-Vorpommern
389,1995,1823084,Mecklenburg-Vorpommern
390,1994,1832000,Mecklenburg-Vorpommern
391,1993,1843000,Mecklenburg-Vorpommern
392,1992,1865000,Mecklenburg-Vorpommern
393,1991,1892000,Mecklenburg-Vorpommern
394,1990,1923959,Mecklenburg-Vorpommern
395,1985,1959000,Mecklenburg-Vorpommern
396,1980,1944000,Mecklenburg-Vorpommern
397,1970,1928000,Mecklenburg-Vorpommern
398,1961,1923000,Mecklenburg-Vorpommern
399,2022,8140242,Niedersachsen
400,2021,8027031,Niedersachsen
401,2020,8003421,Niedersachsen
402,2019,7993608,Niedersachsen
403,2018,7982448,Niedersachsen
404,2017,7962775,Niedersachsen
405,2016,7945685,Niedersachsen
406,2015,7926599,Niedersachsen
407,2014,7826739,Niedersachsen
408,2013,7790559,Niedersachsen
409,2012,7778995,Niedersachsen
410,2011,7774253,Niedersachsen
411,2010,7918293,Niedersachsen
412,2009,7928815,Niedersachsen
413,2008,7947244,Niedersachsen
414,2007,7971684,Niedersachsen
415,2006,7982685,Niedersachsen
416,2005,7993946,Niedersachsen
417,2004,8000909,Niedersachsen
418,2003,7993415,Niedersachsen
419,2002,7980472,Niedersachsen
420,2001,7956416,Niedersachsen
421,2000,7926193,Niedersachsen
422,1999,7898760,Niedersachsen
423,1998,7865840,Niedersachsen
424,1997,7845398,Niedersachsen
425,1996,7815148,Niedersachsen
426,1995,7780422,Niedersachsen
427,1994,7715363,Niedersachsen
428,1993,7648004,Niedersachsen
429,1992,7577520,Niedersachsen
430,1991,7475790,Niedersachsen
431,1990,7366072,Niedersachsen
432,1989,7283795,Niedersachsen
433,1988,7184943,Niedersachsen
434,1987,7163602,Niedersachsen
435,1986,7196127,Niedersachsen
436,1985,7196918,Niedersachsen
437,1984,7216304,Niedersachsen
438,1983,7248536,Niedersachsen
439,1982,7256769,Niedersachsen
440,1981,7267106,Niedersachsen
441,1980,7256386,Niedersachsen
442,1979,7234000,Niedersachsen
443,1978,7225167,Niedersachsen
444,1977,7224165,Niedersachsen
445,1976,7226897,Niedersachsen
446,1975,7238502,Niedersachsen
447,1974,7264840,Niedersachsen
448,1973,7259205,Niedersachsen
449,1972,7214828,Niedersachsen
450,1971,7180500,Niedersachsen
451,1970,7121824,Niedersachsen
452,1969,7100417,Niedersachsen
453,1968,7039169,Niedersachsen
454,1967,6993194,Niedersachsen
455,1966,6967216,Niedersachsen
456,1965,6921000,Niedersachsen
457,1964,6854481,Niedersachsen
458,1963,6786416,Niedersachsen
459,1962,6731562,Niedersachsen
460,1961,6674534,Niedersachsen
461,1960,6576137,Niedersachsen
462,1959,6538416,Niedersachsen
463,1958,6515582,Niedersachsen
464,2022,18139116,Nordrhein-Westfalen
465,2021,17924591,Nordrhein-Westfalen
466,2020,17925570,Nordrhein-Westfalen
467,2019,17947221,Nordrhein-Westfalen
468,2018,17932651,Nordrhein-Westfalen
469,2017,17912134,Nordrhein-Westfalen
470,2016,17890100,Nordrhein-Westfalen
471,2015,17865516,Nordrhein-Westfalen
472,2014,17638098,Nordrhein-Westfalen
473,2013,17571856,Nordrhein-Westfalen
474,2012,17554329,Nordrhein-Westfalen
475,2011,17544938,Nordrhein-Westfalen
476,2010,17845154,Nordrhein-Westfalen
477,2009,17872763,Nordrhein-Westfalen
478,2008,17933064,Nordrhein-Westfalen
479,2007,17996621,Nordrhein-Westfalen
480,2006,18028745,Nordrhein-Westfalen
481,2005,18058105,Nordrhein-Westfalen
482,2004,18075352,Nordrhein-Westfalen
483,2003,18079686,Nordrhein-Westfalen
484,2002,18076355,Nordrhein-Westfalen
485,2001,18052092,Nordrhein-Westfalen
486,2000,18009865,Nordrhein-Westfalen
487,1999,17999800,Nordrhein-Westfalen
488,1998,17975516,Nordrhein-Westfalen
489,1997,17974487,Nordrhein-Westfalen
490,1996,17947715,Nordrhein-Westfalen
491,1995,17893045,Nordrhein-Westfalen
492,1994,17816079,Nordrhein-Westfalen
493,1993,17759300,Nordrhein-Westfalen
494,1992,17679166,Nordrhein-Westfalen
495,1991,17509866,Nordrhein-Westfalen
496,1990,17319651,Nordrhein-Westfalen
497,1989,17103588,Nordrhein-Westfalen
498,1988,16874059,Nordrhein-Westfalen
499,1987,16743956,Nordrhein-Westfalen
500,1986,16676501,Nordrhein-Westfalen
501,1985,16674051,Nordrhein-Westfalen
502,1984,16703875,Nordrhein-Westfalen
503,1983,16836519,Nordrhein-Westfalen
504,1982,16961183,Nordrhein-Westfalen
505,1981,17045993,Nordrhein-Westfalen
506,1980,17058193,Nordrhein-Westfalen
507,1979,17017075,Nordrhein-Westfalen
508,1978,17006354,Nordrhein-Westfalen
509,1977,17030341,Nordrhein-Westfalen
510,1976,17073192,Nordrhein-Westfalen
511,1975,17129615,Nordrhein-Westfalen
512,1974,17217780,Nordrhein-Westfalen
513,1973,17245530,Nordrhein-Westfalen
514,1972,17192897,Nordrhein-Westfalen
515,1971,17137752,Nordrhein-Westfalen
516,1970,17004851,Nordrhein-Westfalen
517,1969,17129764,Nordrhein-Westfalen
518,1968,16950515,Nordrhein-Westfalen
519,1967,16842619,Nordrhein-Westfalen
520,1966,16835480,Nordrhein-Westfalen
521,1965,16735736,Nordrhein-Westfalen
522,1964,16554312,Nordrhein-Westfalen
523,1963,16361108,Nordrhein-Westfalen
524,1962,16194670,Nordrhein-Westfalen
525,1961,16028919,Nordrhein-Westfalen
526,1960,15852476,Nordrhein-Westfalen
527,1959,15653613,Nordrhein-Westfalen
528,1958,15459265,Nordrhein-Westfalen
529,2022,4159150,Rheinland-Pfalz
530,2021,4106485,Rheinland-Pfalz
531,2020,4098391,Rheinland-Pfalz
532,2019,4093903,Rheinland-Pfalz
533,2018,4084844,Rheinland-Pfalz
534,2017,4073679,Rheinland-Pfalz
535,2016,4066053,Rheinland-Pfalz
536,2015,4052803,Rheinland-Pfalz
537,2014,4011582,Rheinland-Pfalz
538,2013,3994366,Rheinland-Pfalz
539,2012,3990278,Rheinland-Pfalz
540,2011,3990033,Rheinland-Pfalz
541,2010,4003745,Rheinland-Pfalz
542,2009,4012675,Rheinland-Pfalz
543,2008,4028351,Rheinland-Pfalz
544,2007,4045643,Rheinland-Pfalz
545,2006,4052860,Rheinland-Pfalz
546,2005,4058843,Rheinland-Pfalz
547,2004,4061105,Rheinland-Pfalz
548,2003,4058682,Rheinland-Pfalz
549,2002,4057727,Rheinland-Pfalz
550,2001,4049066,Rheinland-Pfalz
551,2000,4034557,Rheinland-Pfalz
552,1999,4030773,Rheinland-Pfalz
553,1998,4024969,Rheinland-Pfalz
554,1997,4017828,Rheinland-Pfalz
555,1996,4000567,Rheinland-Pfalz
556,1995,3977919,Rheinland-Pfalz
557,1994,3951573,Rheinland-Pfalz
558,1993,3925863,Rheinland-Pfalz
559,1992,3880965,Rheinland-Pfalz
560,1991,3821235,Rheinland-Pfalz
561,1990,3763510,Rheinland-Pfalz
562,1989,3701661,Rheinland-Pfalz
563,1988,3653155,Rheinland-Pfalz
564,1987,3634557,Rheinland-Pfalz
565,1986,3611437,Rheinland-Pfalz
566,1985,3615049,Rheinland-Pfalz
567,1984,3623985,Rheinland-Pfalz
568,1983,3633488,Rheinland-Pfalz
569,1982,3636506,Rheinland-Pfalz
570,1981,3641229,Rheinland-Pfalz
571,1980,3642482,Rheinland-Pfalz
572,1979,3633195,Rheinland-Pfalz
573,1978,3630947,Rheinland-Pfalz
574,1977,3639291,Rheinland-Pfalz
575,1976,3649001,Rheinland-Pfalz
576,1975,3665777,Rheinland-Pfalz
577,1974,3688066,Rheinland-Pfalz
578,1973,3700787,Rheinland-Pfalz
579,1972,3690372,Rheinland-Pfalz
580,1971,3678519,Rheinland-Pfalz
581,1970,3658932,Rheinland-Pfalz
582,1969,3671275,Rheinland-Pfalz
583,1968,3644511,Rheinland-Pfalz
584,1967,3625428,Rheinland-Pfalz
585,1966,3612668,Rheinland-Pfalz
586,1965,3581993,Rheinland-Pfalz
587,1964,3545448,Rheinland-Pfalz
588,1963,3509511,Rheinland-Pfalz
589,1962,3474464,Rheinland-Pfalz
590,1961,3438528,Rheinland-Pfalz
591,1960,3411170,Rheinland-Pfalz
592,1959,3377365,Rheinland-Pfalz
593,1958,3354672,Rheinland-Pfalz
594,2022,992666,Saarland
595,2021,982348,Saarland
596,2020,983991,Saarland
597,2019,986887,Saarland
598,2018,990509,Saarland
599,2017,994187,Saarland
600,2016,996651,Saarland
601,2015,995597,Saarland
602,2014,989035,Saarland
603,2013,990718,Saarland
604,2012,994287,Saarland
605,2011,997855,Saarland
606,2010,1017567,Saarland
607,2009,1022585,Saarland
608,2008,1030324,Saarland
609,2007,1036598,Saarland
610,2006,1043167,Saarland
611,2005,1050293,Saarland
612,2004,1056417,Saarland
613,2003,1061376,Saarland
614,2002,1064988,Saarland
615,2001,1066470,Saarland
616,2000,1068703,Saarland
617,1999,1071501,Saarland
618,1998,1074223,Saarland
619,1997,1080790,Saarland
620,1996,1084184,Saarland
621,1995,1084370,Saarland
622,1994,1084201,Saarland
623,1993,1084522,Saarland
624,1992,1084007,Saarland
625,1991,1076879,Saarland
626,1990,1072963,Saarland
627,1989,1064906,Saarland
628,1988,1054142,Saarland
629,1987,1054064,Saarland
630,1986,1042135,Saarland
631,1985,1045936,Saarland
632,1984,1050837,Saarland
633,1983,1052794,Saarland
634,1982,1057543,Saarland
635,1981,1063033,Saarland
636,1980,1066299,Saarland
637,1979,1068555,Saarland
638,1978,1072953,Saarland
639,1977,1081074,Saarland
640,1976,1088961,Saarland
641,1975,1096333,Saarland
642,1974,1103255,Saarland
643,1973,1111878,Saarland
644,1972,1118569,Saarland
645,1971,1121990,Saarland
646,1970,1121300,Saarland
647,1969,1127352,Saarland
648,1968,1128902,Saarland
649,1967,1131301,Saarland
650,1966,1132127,Saarland
651,1965,1127354,Saarland
652,1964,1117222,Saarland
653,1963,1106157,Saarland
654,1962,1096584,Saarland
655,1961,1083012,Saarland
656,1960,1060493,Saarland
657,1959,1040108,Saarland
658,1958,1040146,Saarland
659,2022,4086152,Sachsen
660,2021,4043002,Sachsen
661,2020,4056941,Sachsen
662,2019,4071971,Sachsen
663,2018,4077937,Sachsen
664,2017,4081308,Sachsen
665,2016,4081783,Sachsen
666,2015,4084851,Sachsen
667,2014,4055274,Sachsen
668,2013,4046385,Sachsen
669,2012,4050204,Sachsen
670,2011,4054182,Sachsen
671,2010,4149477,Sachsen
672,2009,4169000,Sachsen
673,2008,4193000,Sachsen
674,2007,4220000,Sachsen
675,2006,4250000,Sachsen
676,2005,4273754,Sachsen
677,2004,4296000,Sachsen
678,2003,4321000,Sachsen
679,2002,4349000,Sachsen
680,2001,4384000,Sachsen
681,2000,4425581,Sachsen
682,1999,4460000,Sachsen
683,1998,4489000,Sachsen
684,1997,4522000,Sachsen
685,1996,4546000,Sachsen
686,1995,4566603,Sachsen
687,1994,4584000,Sachsen
688,1993,4608000,Sachsen
689,1992,4641000,Sachsen
690,1991,4679000,Sachsen
691,1990,4764301,Sachsen
692,1985,5064000,Sachsen
693,1980,5174000,Sachsen
694,1970,5419000,Sachsen
695,1961,5450000,Sachsen
696,2022,2186643,Sachsen-Anhalt
697,2021,2169253,Sachsen-Anhalt
698,2020,2180684,Sachsen-Anhalt
699,2019,2194782,Sachsen-Anhalt
700,2018,2208321,Sachsen-Anhalt
701,2017,2223081,Sachsen-Anhalt
702,2016,2236252,Sachsen-Anhalt
703,2015,2245470,Sachsen-Anhalt
704,2014,2235548,Sachsen-Anhalt
705,2013,2244577,Sachsen-Anhalt
706,2012,2259393,Sachsen-Anhalt
707,2011,2276736,Sachsen-Anhalt
708,2010,2335006,Sachsen-Anhalt
709,2009,2356,Sachsen-Anhalt
710,2008,2382,Sachsen-Anhalt
711,2007,2412,Sachsen-Anhalt
712,2006,2442,Sachsen-Anhalt
713,2005,2469716,Sachsen-Anhalt
714,2004,2494,Sachsen-Anhalt
715,2003,2523,Sachsen-Anhalt
716,2002,2549,Sachsen-Anhalt
717,2001,2581,Sachsen-Anhalt
718,2000,2615375,Sachsen-Anhalt
719,1999,2649,Sachsen-Anhalt
720,1998,2674,Sachsen-Anhalt
721,1997,2702,Sachsen-Anhalt
722,1996,2724,Sachsen-Anhalt
723,1995,2738928,Sachsen-Anhalt
724,1994,2759,Sachsen-Anhalt
725,1993,2778,Sachsen-Anhalt
726,1992,2797,Sachsen-Anhalt
727,1991,2823,Sachsen-Anhalt
728,1990,2873957,Sachsen-Anhalt
729,1985,3021000,Sachsen-Anhalt
730,1980,3078000,Sachsen-Anhalt
731,1970,3218000,Sachsen-Anhalt
732,1961,3300000,Sachsen-Anhalt
733,2022,2126846,Thüringen
734,2021,2108863,Thüringen
735,2020,2120237,Thüringen
736,2019,2133378,Thüringen
737,2018,2143145,Thüringen
738,2017,2151205,Thüringen
739,2016,2158128,Thüringen
740,2015,2170714,Thüringen
741,2014,2156759,Thüringen
742,2013,2160840,Thüringen
743,2012,2170460,Thüringen
744,2011,2181603,Thüringen
745,2010,2235025,Thüringen
746,2009,2250000,Thüringen
747,2008,2268000,Thüringen
748,2007,2289000,Thüringen
749,2006,2311000,Thüringen
750,2005,2334575,Thüringen
751,2004,2355000,Thüringen
752,2003,2373000,Thüringen
753,2002,2392000,Thüringen
754,2001,2411000,Thüringen
755,2000,2431255,Thüringen
756,1999,2449000,Thüringen
757,1998,2463000,Thüringen
758,1997,2478000,Thüringen
759,1996,2491000,Thüringen
760,1995,2503785,Thüringen
761,1994,2518000,Thüringen
762,1993,2533000,Thüringen
763,1992,2546000,Thüringen
764,1991,2572000,Thüringen
765,1990,2611319,Thüringen
766,1985,2722000,Thüringen
767,1980,2730000,Thüringen
768,1970,2759000,Thüringen
769,1961,2725000,Thüringen
770,2022,1892122,Hamburg
771,2021,1853935,Hamburg
772,2020,1852478,Hamburg
773,2019,1847253,Hamburg
774,2018,1841179,Hamburg
775,2017,1830584,Hamburg
776,2016,1810438,Hamburg
777,2015,1787408,Hamburg
778,2014,1762791,Hamburg
779,2013,1746342,Hamburg
780,2012,1734272,Hamburg
781,2011,1718187,Hamburg
782,2010,1786448,Hamburg
783,2009,1774224,Hamburg
784,2008,1772100,Hamburg
785,2007,1770629,Hamburg
786,2006,1754182,Hamburg
787,2005,1743627,Hamburg
788,2004,1734830,Hamburg
789,2003,1734083,Hamburg
790,2002,1728806,Hamburg
791,2001,1726363,Hamburg
792,2000,1715392,Hamburg
793,1999,1704735,Hamburg
794,1998,1700089,Hamburg
795,1997,1704731,Hamburg
796,1996,1707986,Hamburg
797,1995,1707901,Hamburg
798,1994,1705872,Hamburg
799,1993,1702887,Hamburg
800,1992,1688785,Hamburg
801,1991,1668757,Hamburg
802,1990,1652363,Hamburg
803,1989,1626220,Hamburg
804,1988,1603070,Hamburg
805,1987,1594190,Hamburg
806,1986,1571267,Hamburg
807,1985,1579884,Hamburg
808,1984,1592447,Hamburg
809,1983,1609531,Hamburg
810,1982,1623848,Hamburg
811,1981,1637132,Hamburg
812,1980,1645095,Hamburg
813,1979,1653043,Hamburg
814,1978,1664305,Hamburg
815,1977,1680340,Hamburg
816,1976,1698615,Hamburg
817,1975,1717383,Hamburg
818,1974,1733802,Hamburg
819,1973,1751621,Hamburg
820,1972,1766214,Hamburg
821,1971,1781621,Hamburg
822,1970,1793640,Hamburg
823,1969,1817122,Hamburg
824,1968,1822837,Hamburg
825,1967,1832560,Hamburg
826,1966,1847267,Hamburg
827,1965,1854361,Hamburg
828,1964,1857431,Hamburg
829,1963,1854637,Hamburg
830,1962,1847495,Hamburg
831,1961,1840515,Hamburg
832,1960,1836958,Hamburg
833,1959,1823574,Hamburg
834,1958,1807640,Hamburg
835,2022,2953270,Schleswig-Holstein
836,2021,2922005,Schleswig-Holstein
837,2020,2910875,Schleswig-Holstein
838,2019,2903773,Schleswig-Holstein
839,2018,2896712,Schleswig-Holstein
840,2017,2889821,Schleswig-Holstein
841,2016,2881926,Schleswig-Holstein
842,2015,2858714,Schleswig-Holstein
843,2014,2830864,Schleswig-Holstein
844,2013,2815955,Schleswig-Holstein
845,2012,2806531,Schleswig-Holstein
846,2011,2802266,Schleswig-Holstein
847,2010,2834259,Schleswig-Holstein
848,2009,2832027,Schleswig-Holstein
849,2008,2834260,Schleswig-Holstein
850,2007,2837373,Schleswig-Holstein
851,2006,2834254,Schleswig-Holstein
852,2005,2832950,Schleswig-Holstein
853,2004,2828760,Schleswig-Holstein
854,2003,2823171,Schleswig-Holstein
855,2002,2816507,Schleswig-Holstein
856,2001,2804249,Schleswig-Holstein
857,2000,2789761,Schleswig-Holstein
858,1999,2777275,Schleswig-Holstein
859,1998,2766057,Schleswig-Holstein
860,1997,2756473,Schleswig-Holstein
861,1996,2742293,Schleswig-Holstein
862,1995,2725461,Schleswig-Holstein
863,1994,2708392,Schleswig-Holstein
864,1993,2694875,Schleswig-Holstein
865,1992,2679575,Schleswig-Holstein
866,1991,2648532,Schleswig-Holstein
867,1990,2626127,Schleswig-Holstein
868,1989,2594606,Schleswig-Holstein
869,1988,2564565,Schleswig-Holstein
870,1987,2555278,Schleswig-Holstein
871,1986,2612672,Schleswig-Holstein
872,1985,2614151,Schleswig-Holstein
873,1984,2613796,Schleswig-Holstein
874,1983,2616598,Schleswig-Holstein
875,1982,2618156,Schleswig-Holstein
876,1981,2619186,Schleswig-Holstein
877,1980,2611285,Schleswig-Holstein
878,1979,2599004,Schleswig-Holstein
879,1978,2591285,Schleswig-Holstein
880,1977,2587183,Schleswig-Holstein
881,1976,2582718,Schleswig-Holstein
882,1975,2582412,Schleswig-Holstein
883,1974,2584343,Schleswig-Holstein
884,1973,2579598,Schleswig-Holstein
885,1972,2563775,Schleswig-Holstein
886,1971,2543236,Schleswig-Holstein
887,1970,2510608,Schleswig-Holstein
888,1969,2557245,Schleswig-Holstein
889,1968,2528733,Schleswig-Holstein
890,1967,2499730,Schleswig-Holstein
891,1966,2472526,Schleswig-Holstein
892,1965,2438829,Schleswig-Holstein
893,1964,2405547,Schleswig-Holstein
894,1963,2375783,Schleswig-Holstein
895,1962,2351315,Schleswig-Holstein
896,1961,2329247,Schleswig-Holstein
897,1960,2309409,Schleswig-Holstein
898,1959,2289894,Schleswig-Holstein
899,1958,2275802,Schleswig-Holstein
900,1958,3354672,Deutschland median
901,1959,3377365,Deutschland median
902,1960,3411170,Deutschland median
903,1961,3012500,Deutschland median
904,1962,3474464,Deutschland median
905,1963,3509511,Deutschland median
906,1964,3545448,Deutschland median
907,1965,3581993,Deutschland median
908,1966,3612668,Deutschland median
909,1967,3625428,Deutschland median
910,1968,3644511,Deutschland median
911,1969,3671275,Deutschland median
912,1970,2988500,Deutschland median
913,1971,3678519,Deutschland median
914,1972,3690372,Deutschland median
915,1973,3700787,Deutschland median
916,1974,3688066,Deutschland median
917,1975,3665777,Deutschland median
918,1976,3649001,Deutschland median
919,1977,3639291,Deutschland median
920,1978,3630947,Deutschland median
921,1979,3633195,Deutschland median
922,1980,2904000,Deutschland median
923,1981,3641229,Deutschland median
924,1982,3636506,Deutschland median
925,1983,3633488,Deutschland median
926,1984,3623985,Deutschland median
927,1985,2871500,Deutschland median
928,1986,3611437,Deutschland median
929,1987,3634557,Deutschland median
930,1988,3653155,Deutschland median
931,1989,3701661,Deutschland median
932,1990,3153826,Deutschland median
933,1991,3047281,Deutschland median
934,1992,3072661,Deutschland median
935,1993,3085133,Deutschland median
936,1994,3090200,Deutschland median
937,1995,3105173,Deutschland median
938,1996,3100528,Deutschland median
939,1997,3091116,Deutschland median
940,1998,3082439,Deutschland median
941,1999,3081971,Deutschland median
942,2000,3085965,Deutschland median
943,2001,3096341,Deutschland median
944,2002,3104466,Deutschland median
945,2003,3105824,Deutschland median
946,2004,3108294,Deutschland median
947,2005,3114069,Deutschland median
948,2006,3119145,Deutschland median
949,2007,3126814,Deutschland median
950,2008,3132967,Deutschland median
951,2009,3137351,Deutschland median
952,2010,3147492,Deutschland median
953,2011,3064134,Deutschland median
954,2012,3090876,Deutschland median
955,2013,3118892,Deutschland median
956,2014,3150356,Deutschland median
957,2015,3189372,Deutschland median
958,2016,3228378,Deutschland median
959,2017,3251658,Deutschland median
960,2018,3270769,Deutschland median
961,2019,3286632,Deutschland median
962,2020,3287481,Deutschland median
963,2021,3299738,Deutschland median
964,2022,3354260,Deutschland median
965,1958,4974469,Deutschland mean
966,1959,5023371,Deutschland mean
967,1960,5087120,Deutschland mean
968,1961,4538259,Deutschland mean
969,1962,5204295,Deutschland mean
970,1963,5260409,Deutschland mean
971,1964,5326131,Deutschland mean
972,1965,5390599,Deutschland mean
973,1966,5435721,Deutschland mean
974,1967,5449861,Deutschland mean
975,1968,5496639,Deutschland mean
976,1969,5563144,Deutschland mean
977,1970,4811385,Deutschland mean
978,1971,5591136,Deutschland mean
979,1972,5619034,Deutschland mean
980,1973,5645579,Deutschland mean
981,1974,5635588,Deutschland mean
982,1975,5604056,Deutschland mean
983,1976,5585636,Deutschland mean
984,1977,5577522,Deutschland mean
985,1978,5574696,Deutschland mean
986,1979,5585394,Deutschland mean
987,1980,4827746,Deutschland mean
988,1981,5610244,Deutschland mean
989,1982,5595100,Deutschland mean
990,1983,5573333,Deutschland mean
991,1984,5549932,Deutschland mean
992,1985,4777904,Deutschland mean
993,1986,5558223,Deutschland mean
994,1987,5567098,Deutschland mean
995,1988,5610463,Deutschland mean
996,1989,5698094,Deutschland mean
997,1990,4981366,Deutschland mean
998,1991,4840921,Deutschland mean
999,1992,4886313,Deutschland mean
1000,1993,4910210,Deutschland mean
1001,1994,4923873,Deutschland mean
1002,1995,5113593,Deutschland mean
1003,1996,4955675,Deutschland mean
1004,1997,4959858,Deutschland mean
1005,1998,4960305,Deutschland mean
1006,1999,4969818,Deutschland mean
1007,2000,5141221,Deutschland mean
1008,2001,4991360,Deutschland mean
1009,2002,4999388,Deutschland mean
1010,2003,5000682,Deutschland mean
1011,2004,5000561,Deutschland mean
1012,2005,5152374,Deutschland mean
1013,2006,4992257,Deutschland mean
1014,2007,4987996,Deutschland mean
1015,2008,4976403,Deutschland mean
1016,2009,4965564,Deutschland mean
1017,2010,5109475,Deutschland mean
1018,2011,5020493,Deutschland mean
1019,2012,5032734,Deutschland mean
1020,2013,5047966,Deutschland mean
1021,2014,5074846,Deutschland mean
1022,2015,5135980,Deutschland mean
1023,2016,5157603,Deutschland mean
1024,2017,5174521,Deutschland mean
1025,2018,5188700,Deutschland mean
1026,2019,5197919,Deutschland mean
1027,2020,5197189,Deutschland mean
1028,2021,5202320,Deutschland mean
1029,2022,5272427,Deutschland mean
1030,1958,4454293,Deutschland std
1031,1959,4513498,Deutschland std
1032,1960,4576384,Deutschland std
1033,1961,3956200,Deutschland std
1034,1962,4690723,Deutschland std
1035,1963,4743729,Deutschland std
1036,1964,4806239,Deutschland std
1037,1965,4867974,Deutschland std
1038,1966,4907368,Deutschland std
1039,1967,4918256,Deutschland std
1040,1968,4965957,Deutschland std
1041,1969,5036035,Deutschland std
1042,1970,4304377,Deutschland std
1043,1971,5070934,Deutschland std
1044,1972,5101845,Deutschland std
1045,1973,5130435,Deutschland std
1046,1974,5127529,Deutschland std
1047,1975,5104008,Deutschland std
1048,1976,5093742,Deutschland std
1049,1977,5090191,Deutschland std
1050,1978,5091001,Deutschland std
1051,1979,5103012,Deutschland std
1052,1980,4395497,Deutschland std
1053,1981,5128254,Deutschland std
1054,1982,5112298,Deutschland std
1055,1983,5086351,Deutschland std
1056,1984,5058107,Deutschland std
1057,1985,4335910,Deutschland std
1058,1986,5067000,Deutschland std
1059,1987,5061385,Deutschland std
1060,1988,5103933,Deutschland std
1061,1989,5177915,Deutschland std
1062,1990,4496579,Deutschland std
1063,1991,4708620,Deutschland std
1064,1992,4769938,Deutschland std
1065,1993,4802692,Deutschland std
1066,1994,4824540,Deutschland std
1067,1995,4711930,Deutschland std
1068,1996,4871729,Deutschland std
1069,1997,4882492,Deutschland std
1070,1998,4889323,Deutschland std
1071,1999,4906398,Deutschland std
1072,2000,4786858,Deutschland std
1073,2001,4946725,Deutschland std
1074,2002,4963690,Deutschland std
1075,2003,4972215,Deutschland std
1076,2004,4977491,Deutschland std
1077,2005,4850973,Deutschland std
1078,2006,4978028,Deutschland std
1079,2007,4977120,Deutschland std
1080,2008,4967431,Deutschland std
1081,2009,4957053,Deutschland std
1082,2010,4833542,Deutschland std
1083,2011,4764035,Deutschland std
1084,2012,4778099,Deutschland std
1085,2013,4794959,Deutschland std
1086,2014,4821591,Deutschland std
1087,2015,4887134,Deutschland std
1088,2016,4904505,Deutschland std
1089,2017,4920435,Deutschland std
1090,2018,4936479,Deutschland std
1091,2019,4947234,Deutschland std
1092,2020,4946531,Deutschland std
1093,2021,4953357,Deutschland std
1094,2022,5018502,Deutschland std
